<?xml version="1.0" encoding="UTF-8"?>

<Bundle xmlns="http://hl7.org/fhir">
  <id value="fc965cc7-e3fb-4767-a7d7-e3a8ae3b74e5"/>
  <meta>
    <lastUpdated value="2022-04-11T18:04:55.220+00:00"/>
  </meta>
  <type value="collection"/>
  <entry>
    <fullUrl value="http://science37.com/fhir/ValueSet/questionnaire-unknown-status-vs"/>
    <resource>
      <ValueSet>
        <id value="questionnaire-unknown-status-vs"/>
        <text>
          <status value="generated"/>
          <div xmlns="http://www.w3.org/1999/xhtml">
            <p>This value set contains 2 concepts</p>
            <p style="border: black 1px dotted; background-color: #EEEEEE; padding: 8px; margin-bottom: 8px">Expansion based on 
              <a href="CodeSystem-questionnaire-status-codesystem.html">CodeSystem : Questionnaire Status (unknown) v0.1.0-test (CodeSystem)</a>
            </p>
            <p>All codes in this table are from the system 
              <a href="CodeSystem-questionnaire-status-codesystem.html">
                <code>http://science37.com/fhir/CodeSystem/questionnaire-status-codesystem</code>
              </a>
            </p>
            <table class="codes">
              <tr>
                <td style="white-space:nowrap">
                  <b>Code</b>
                </td>
                <td>
                  <b>Display</b>
                </td>
                <td>
                  <b>Definition</b>
                </td>
              </tr>
              <tr>
                <td style="white-space:nowrap">
                  <a name="http---science37.com-fhir-CodeSystem-questionnaire-status-codesystem-deleted"> </a>  
                  <a href="CodeSystem-questionnaire-status-codesystem.html#questionnaire-status-codesystem-deleted">deleted</a>
                </td>
                <td>Deleted</td>
                <td>Deleted</td>
              </tr>
              <tr>
                <td style="white-space:nowrap">
                  <a name="http---science37.com-fhir-CodeSystem-questionnaire-status-codesystem-rejected"> </a>  
                  <a href="CodeSystem-questionnaire-status-codesystem.html#questionnaire-status-codesystem-rejected">rejected</a>
                </td>
                <td>Rejected</td>
                <td>Rejected</td>
              </tr>
            </table>
          </div>
        </text>
        <url value="http://science37.com/fhir/ValueSet/questionnaire-unknown-status-vs"/>
        <version value="0.1.0-test"/>
        <name value="QuestionnaireUnknownStatusVS"/>
        <title value="ValueSet : Questionnaire Unknown Status"/>
        <status value="active"/>
        <date value="2022-04-11T18:04:55+00:00"/>
        <publisher value="xxxYour Work Group"/>
        <contact>
          <telecom>
            <system value="url"/>
            <value value="http://xxhl7.org/Special/committees/[something]"/>
          </telecom>
        </contact>
        <description value="ValueSet : Questionnaire Unknown Status ValueSet"/>
        <jurisdiction>
          <coding>
            <system value="http://unstats.un.org/unsd/methods/m49/m49.htm"/>
            <code value="001"/>
          </coding>
        </jurisdiction>
        <expansion>
          <identifier value="urn:uuid:c8cd7bf1-c02d-44b5-ae0a-9a0152fad282"/>
          <timestamp value="2022-04-11T18:05:09+00:00"/>
          <total value="2"/>
          <parameter>
            <name value="excludeNested"/>
            <valueBoolean value="false"/>
          </parameter>
          <parameter>
            <name value="version"/>
            <valueUri value="http://science37.com/fhir/CodeSystem/questionnaire-status-codesystem|0.1.0-test"/>
          </parameter>
          <contains>
            <system value="http://science37.com/fhir/CodeSystem/questionnaire-status-codesystem"/>
            <code value="deleted"/>
            <display value="Deleted"/>
          </contains>
          <contains>
            <system value="http://science37.com/fhir/CodeSystem/questionnaire-status-codesystem"/>
            <code value="rejected"/>
            <display value="Rejected"/>
          </contains>
        </expansion>
      </ValueSet>
    </resource>
  </entry>
</Bundle>