{
  "resourceType" : "Bundle",
  "id" : "f27c139c-c88c-4240-818c-cba9333e9f6f",
  "meta" : {
    "lastUpdated" : "2022-04-11T16:52:02.440+00:00"
  },
  "type" : "collection",
  "entry" : [{
    "fullUrl" : "http://science37.com/fhir/ValueSet/questionnaire-unknown-status-vs",
    "resource" : {
      "resourceType" : "ValueSet",
      "id" : "questionnaire-unknown-status-vs",
      "text" : {
        "status" : "generated",
        "div" : "<div xmlns=\"http://www.w3.org/1999/xhtml\"><p>This value set contains 2 concepts</p><p style=\"border: black 1px dotted; background-color: #EEEEEE; padding: 8px; margin-bottom: 8px\">Expansion based on <a href=\"CodeSystem-questionnaire-status-codesystem.html\">S37 Questionnaire Status (unknown) code system  v0.1.0-test (CodeSystem)</a></p><p>All codes in this table are from the system <a href=\"CodeSystem-questionnaire-status-codesystem.html\"><code>http://science37.com/fhir/CodeSystem/questionnaire-status-codesystem</code></a></p><table class=\"codes\"><tr><td style=\"white-space:nowrap\"><b>Code</b></td><td><b>Display</b></td><td><b>Definition</b></td></tr><tr><td style=\"white-space:nowrap\"><a name=\"http---science37.com-fhir-CodeSystem-questionnaire-status-codesystem-deleted\"> </a>  <a href=\"CodeSystem-questionnaire-status-codesystem.html#questionnaire-status-codesystem-deleted\">deleted</a></td><td>Deleted</td><td>Deleted</td></tr><tr><td style=\"white-space:nowrap\"><a name=\"http---science37.com-fhir-CodeSystem-questionnaire-status-codesystem-rejected\"> </a>  <a href=\"CodeSystem-questionnaire-status-codesystem.html#questionnaire-status-codesystem-rejected\">rejected</a></td><td>Rejected</td><td>Rejected</td></tr></table></div>"
      },
      "url" : "http://science37.com/fhir/ValueSet/questionnaire-unknown-status-vs",
      "version" : "0.1.0-test",
      "name" : "QuestionnaireUnknownStatusVS",
      "title" : "Questionnaire Unknown Status",
      "status" : "active",
      "date" : "2022-04-11T16:52:02+00:00",
      "publisher" : "xxxYour Work Group",
      "contact" : [{
        "telecom" : [{
          "system" : "url",
          "value" : "http://xxhl7.org/Special/committees/[something]"
        }]
      }],
      "description" : "Questionnaire Unknown Status",
      "jurisdiction" : [{
        "coding" : [{
          "system" : "http://unstats.un.org/unsd/methods/m49/m49.htm",
          "code" : "001"
        }]
      }],
      "expansion" : {
        "identifier" : "urn:uuid:b459f039-547d-4c26-abf2-5a8a36da23d7",
        "timestamp" : "2022-04-11T16:52:17+00:00",
        "total" : 2,
        "parameter" : [{
          "name" : "excludeNested",
          "valueBoolean" : false
        },
        {
          "name" : "version",
          "valueUri" : "http://science37.com/fhir/CodeSystem/questionnaire-status-codesystem|0.1.0-test"
        }],
        "contains" : [{
          "system" : "http://science37.com/fhir/CodeSystem/questionnaire-status-codesystem",
          "code" : "deleted",
          "display" : "Deleted"
        },
        {
          "system" : "http://science37.com/fhir/CodeSystem/questionnaire-status-codesystem",
          "code" : "rejected",
          "display" : "Rejected"
        }]
      }
    }
  }]
}