<?xml version="1.0" encoding="UTF-8"?><Questionnaire xmlns="http://hl7.org/fhir"><id value="Questionnaire-Item-Extension-Example"/><meta><profile value="http://science37.com/fhir/StructureDefinition/questionnaire-s37"/></meta><text><status value="generated"/><div xmlns="http://www.w3.org/1999/xhtml"><b>Structure</b><table border="1" cellpadding="0" cellspacing="0" style="border: 1px #F0F0F0 solid; font-size: 11px; font-family: verdana; vertical-align: top;"><tr style="border: 2px #F0F0F0 solid; font-size: 11px; font-family: verdana; vertical-align: top"><th style="vertical-align: top; text-align : left; background-color: white; border: 1px #F0F0F0 solid; padding:0px 4px 0px 4px" class="hierarchy"><a href="http://hl7.org/fhir/R4/formats.html#table" title="The linkId for the item">LinkId</a></th><th style="vertical-align: top; text-align : left; background-color: white; border: 1px #F0F0F0 solid; padding:0px 4px 0px 4px" class="hierarchy"><a href="http://hl7.org/fhir/R4/formats.html#table" title="Text for the item">Text</a></th><th style="vertical-align: top; text-align : left; background-color: white; border: 1px #F0F0F0 solid; padding:0px 4px 0px 4px" class="hierarchy"><a href="http://hl7.org/fhir/R4/formats.html#table" title="Minimum and Maximum # of times the the itemcan appear in the instance">Cardinality</a></th><th style="vertical-align: top; text-align : left; background-color: white; border: 1px #F0F0F0 solid; padding:0px 4px 0px 4px" class="hierarchy"><a href="http://hl7.org/fhir/R4/formats.html#table" title="The type of the item">Type</a></th><th style="vertical-align: top; text-align : left; background-color: white; border: 1px #F0F0F0 solid; padding:0px 4px 0px 4px" class="hierarchy"><a href="http://hl7.org/fhir/R4/formats.html#table" title="Additional information about the item">Description &amp; Constraints</a><span style="float: right"><a href="http://hl7.org/fhir/R4/formats.html#table" title="Legend for this format"><img src="http://hl7.org/fhir/R4/help16.png" alt="doco" style="background-color: inherit"/></a></span></th></tr><tr style="border: 1px #F0F0F0 solid; padding:0px; vertical-align: top; background-color: white"><td style="vertical-align: top; text-align : left; background-color: white; border: 1px #F0F0F0 solid; padding:0px 4px 0px 4px; white-space: nowrap; background-image: url(tbl_bck1.png)" class="hierarchy"><img src="tbl_spacer.png" alt="." style="background-color: inherit" class="hierarchy"/><img src="icon_q_root.gif" alt="." style="background-color: white; background-color: inherit" title="QuestionnaireRoot" class="hierarchy"/> Example : Questionnaire.Item Extension</td><td style="vertical-align: top; text-align : left; background-color: white; border: 1px #F0F0F0 solid; padding:0px 4px 0px 4px" class="hierarchy"/><td style="vertical-align: top; text-align : left; background-color: white; border: 1px #F0F0F0 solid; padding:0px 4px 0px 4px" class="hierarchy"></td><td style="vertical-align: top; text-align : left; background-color: white; border: 1px #F0F0F0 solid; padding:0px 4px 0px 4px" class="hierarchy">Questionnaire</td><td style="vertical-align: top; text-align : left; background-color: white; border: 1px #F0F0F0 solid; padding:0px 4px 0px 4px" class="hierarchy">http://xxsomewhere.org/fhir/myig/Questionnaire/Questionnaire-Item-Extension-Example#0.1.0-test</td></tr>
<tr style="border: 1px #F0F0F0 solid; padding:0px; vertical-align: top; background-color: #F7F7F7"><td id="item.isdfu9s0df8us8dfy" style="vertical-align: top; text-align : left; background-color: #F7F7F7; border: 1px #F0F0F0 solid; padding:0px 4px 0px 4px; white-space: nowrap; background-image: url(tbl_bck00.png)" class="hierarchy"><img src="tbl_spacer.png" alt="." style="background-color: inherit" class="hierarchy"/><img src="tbl_vjoin_end.png" alt="." style="background-color: inherit" class="hierarchy"/><img src="icon-q-text.png" alt="." style="background-color: #F7F7F7; background-color: inherit" title="Text" class="hierarchy"/> isdfu9s0df8us8dfy</td><td style="vertical-align: top; text-align : left; background-color: #F7F7F7; border: 1px #F0F0F0 solid; padding:0px 4px 0px 4px" class="hierarchy">FOID-090s88s. Describe your current mood.</td><td style="vertical-align: top; text-align : left; background-color: #F7F7F7; border: 1px #F0F0F0 solid; padding:0px 4px 0px 4px" class="hierarchy">1..1</td><td style="vertical-align: top; text-align : left; background-color: #F7F7F7; border: 1px #F0F0F0 solid; padding:0px 4px 0px 4px" class="hierarchy"><a href="http://hl7.org/fhir/R4/codesystem-item-type.html#item-type-text">text</a></td><td style="vertical-align: top; text-align : left; background-color: #F7F7F7; border: 1px #F0F0F0 solid; padding:0px 4px 0px 4px" class="hierarchy">Definition: https://science37.com/NG/widget/id/choice2212/version/2.3<br/>Options: <a href="#opt-item.isdfu9s0df8us8dfy">3 options</a><br/>Initial Value: string = Answer Option 1</td></tr>
<tr><td colspan="5" class="hierarchy"><br/><a href="http://hl7.org/fhir/R4/formats.html#table" title="Legend for this format"><img src="http://hl7.org/fhir/R4/help16.png" alt="doco" style="background-color: inherit"/> Documentation for this format</a></td></tr></table><hr/><p><b>Option Sets</b></p><a name="opt-item.isdfu9s0df8us8dfy"> </a><p><b>Answer options for isdfu9s0df8us8dfy</b></p><ul><li style="font-size: 11px">Answer Option 0</li><li style="font-size: 11px">Answer Option 1</li><li style="font-size: 11px">Answer Option 2</li></ul></div></text><url value="http://xxsomewhere.org/fhir/myig/Questionnaire/Questionnaire-Item-Extension-Example"/><version value="0.1.0-test"/><name value="Example : Questionnaire.Item Extension"/><title value="Example : Questionnaire.Item Extension"/><status value="draft"/><subjectType value="Patient"/><date value="2022-04-11T18:53:32+00:00"/><publisher value="xxxYour Work Group"/><contact><telecom><system value="url"/><value value="http://xxhl7.org/Special/committees/[something]"/></telecom></contact><jurisdiction><coding><system value="http://unstats.un.org/unsd/methods/m49/m49.htm"/><code value="001"/></coding></jurisdiction><item><extension url="http://science37.com/fhir/StructureDefinition/s37-settings"><extension url="title"><valueString value="The Title"/></extension><extension url="lable"><valueString value="The lable"/></extension><extension url="variableName"><valueString value="The variableName"/></extension><extension url="standardVariable"><valueString value="The standardVariable"/></extension><extension url="fieldCode"><valueString value="The fieldCode"/></extension><extension url="description"><valueString value="The description"/></extension><extension url="foid"><valueString value="FOID field Object ID"/></extension><extension url="dateTimeOptions"><valueString value="Date Time Options"/></extension><extension url="captureTimeonSubmit"><valueBoolean value="true"/></extension><extension url="completionPeriodOfTime"><valueBoolean value="true"/></extension><extension url="completionNoOfHours"><valueInteger value="2"/></extension><extension url="completionNoOfMonths"><valueInteger value="1"/></extension><extension url="completionShouldOccur"><valueBoolean value="false"/></extension><extension url="fromText"><valueString value="From Text"/></extension><extension url="toText"><valueString value="To Text"/></extension><extension url="naOption"><valueBoolean value="true"/></extension><extension url="naLabel"><valueString value="To Text"/></extension><extension url="displayValueIndicator"><valueBoolean value="true"/></extension><extension url="valueIndicatorLabel"><valueString value="Value Indicator Label"/></extension><extension url="minValueLabel"><valueString value="minValue Label"/></extension><extension url="medValueLabel"><valueString value="medValue Label"/></extension><extension url="maxValueLabel"><valueString value="maxValue Label"/></extension><extension url="scale"><valueInteger value="1"/></extension><extension url="formula"><valueString value="formula"/></extension><extension url="http://hl7.org/fhir/StructureDefinition/maxValue"><valueInteger value="200"/></extension><extension url="http://hl7.org/fhir/StructureDefinition/minValue"><valueInteger value="2"/></extension><extension url="http://hl7.org/fhir/StructureDefinition/minLength"><valueInteger value="1"/></extension><extension url="maxLength"><valueInteger value="22"/></extension><extension url="doNotShowNumValue"><valueBoolean value="true"/></extension><extension url="showIncrements"><valueBoolean value="true"/></extension><extension url="majorIncrements"><valueInteger value="5"/></extension><extension url="minorIncrements"><valueInteger value="1"/></extension><extension url="interactionType"><valueString value="Iinteraction Type"/></extension><extension url="scaleSize"><valueInteger value="3"/></extension><extension url="optionalPresets"><valueBoolean value="false"/></extension></extension><linkId value="isdfu9s0df8us8dfy"/><definition value="https://science37.com/NG/widget/id/choice2212/version/2.3"/><prefix value="FOID-090s88s"/><text value="Describe your current mood."/><type value="text"/><required value="true"/><repeats value="false"/><answerOption><valueString value="Answer Option 0"/></answerOption><answerOption><valueString value="Answer Option 1"/></answerOption><answerOption><valueString value="Answer Option 2"/></answerOption><initial><valueString value="Answer Option 1"/></initial></item></Questionnaire>