<?xml version="1.0" encoding="UTF-8"?><ValueSet xmlns="http://hl7.org/fhir"><id value="questionnaire-unknown-status-vs"/><text><status value="extensions"/><div xmlns="http://www.w3.org/1999/xhtml"><ul><li>Include these codes as defined in <a href="CodeSystem-questionnaire-status-codesystem.html"><code>http://science37.com/fhir/CodeSystem/questionnaire-status-codesystem</code></a><table class="none"><tr><td style="white-space:nowrap"><b>Code</b></td><td><b>Display</b></td><td><b>Definition</b></td></tr><tr><td><a href="CodeSystem-questionnaire-status-codesystem.html#questionnaire-status-codesystem-deleted">deleted</a></td><td>Deleted</td><td>Deleted</td></tr><tr><td><a href="CodeSystem-questionnaire-status-codesystem.html#questionnaire-status-codesystem-rejected">rejected</a></td><td>Rejected</td><td>Rejected</td></tr></table></li></ul></div></text><url value="http://science37.com/fhir/ValueSet/questionnaire-unknown-status-vs"/><version value="0.1.0-test"/><name value="QuestionnaireUnknownStatusVS"/><title value="ValueSet : Questionnaire Unknown Status"/><status value="active"/><date value="2022-04-12T16:59:25+00:00"/><publisher value="xxxYour Work Group"/><contact><telecom><system value="url"/><value value="http://xxhl7.org/Special/committees/[something]"/></telecom></contact><description value="ValueSet : Questionnaire Unknown Status ValueSet"/><jurisdiction><coding><system value="http://unstats.un.org/unsd/methods/m49/m49.htm"/><code value="001"/></coding></jurisdiction><compose><include><system value="http://science37.com/fhir/CodeSystem/questionnaire-status-codesystem"/><concept><code value="deleted"/><display value="Deleted"/></concept><concept><code value="rejected"/><display value="Rejected"/></concept></include></compose></ValueSet>