<?xml version="1.0" encoding="UTF-8"?><ImplementationGuide xmlns="http://hl7.org/fhir"><id value="xxexample.fhir.uv.myig"/><text><status value="extensions"/><div xmlns="http://www.w3.org/1999/xhtml"><h2>Science37 FHIR IG</h2><p>The official URL for this implementation guide is: </p><pre>http://xxsomewhere.org/fhir/myig/ImplementationGuide/xxexample.fhir.uv.myig</pre><div><p>xxxA brief description of what this IG is about</p>
</div></div></text><url value="http://xxsomewhere.org/fhir/myig/ImplementationGuide/xxexample.fhir.uv.myig"/><version value="0.1.0-test"/><name value="Science37 FHIR IG"/><title value="Science37 FHIR IG"/><status value="draft"/><experimental value="false"/><date value="2022-04-11T18:04:55+00:00"/><publisher value="xxxYour Work Group"/><contact><telecom><system value="url"/><value value="http://xxhl7.org/Special/committees/[something]"/></telecom></contact><description value="xxxA brief description of what this IG is about "/><jurisdiction><coding><system value="http://unstats.un.org/unsd/methods/m49/m49.htm"/><code value="001"/></coding></jurisdiction><packageId value="xxexample.fhir.uv.myig"/><license value="CC0-1.0"/><fhirVersion value="4.0.1"/><definition><extension url="http://hl7.org/fhir/tools/StructureDefinition/ig-parameter"><extension url="code"><valueString value="copyrightyear"/></extension><extension url="value"><valueString value="2019+"/></extension></extension><extension url="http://hl7.org/fhir/tools/StructureDefinition/ig-parameter"><extension url="code"><valueString value="releaselabel"/></extension><extension url="value"><valueString value="CI Build"/></extension></extension><extension url="http://hl7.org/fhir/tools/StructureDefinition/ig-parameter"><extension url="code"><valueString value="path-binary"/></extension><extension url="value"><valueString value="input\cql"/></extension></extension><extension url="http://hl7.org/fhir/tools/StructureDefinition/ig-parameter"><extension url="code"><valueString value="path-liquid"/></extension><extension url="value"><valueString value="templates\liquid"/></extension></extension><extension url="http://hl7.org/fhir/tools/StructureDefinition/ig-parameter"><extension url="code"><valueString value="autoload-resources"/></extension><extension url="value"><valueString value="true"/></extension></extension><extension url="http://hl7.org/fhir/tools/StructureDefinition/ig-parameter"><extension url="code"><valueString value="path-liquid"/></extension><extension url="value"><valueString value="template/liquid"/></extension></extension><extension url="http://hl7.org/fhir/tools/StructureDefinition/ig-parameter"><extension url="code"><valueString value="path-liquid"/></extension><extension url="value"><valueString value="input/liquid"/></extension></extension><extension url="http://hl7.org/fhir/tools/StructureDefinition/ig-parameter"><extension url="code"><valueString value="path-qa"/></extension><extension url="value"><valueString value="temp/qa"/></extension></extension><extension url="http://hl7.org/fhir/tools/StructureDefinition/ig-parameter"><extension url="code"><valueString value="path-temp"/></extension><extension url="value"><valueString value="temp/pages"/></extension></extension><extension url="http://hl7.org/fhir/tools/StructureDefinition/ig-parameter"><extension url="code"><valueString value="path-output"/></extension><extension url="value"><valueString value="output"/></extension></extension><extension url="http://hl7.org/fhir/tools/StructureDefinition/ig-parameter"><extension url="code"><valueString value="path-suppressed-warnings"/></extension><extension url="value"><valueString value="input/ignoreWarnings.txt"/></extension></extension><extension url="http://hl7.org/fhir/tools/StructureDefinition/ig-parameter"><extension url="code"><valueString value="path-history"/></extension><extension url="value"><valueString value="http://xxsomewhere.org/fhir/myig/history.html"/></extension></extension><extension url="http://hl7.org/fhir/tools/StructureDefinition/ig-parameter"><extension url="code"><valueString value="template-html"/></extension><extension url="value"><valueString value="template-page.html"/></extension></extension><extension url="http://hl7.org/fhir/tools/StructureDefinition/ig-parameter"><extension url="code"><valueString value="template-md"/></extension><extension url="value"><valueString value="template-page-md.html"/></extension></extension><extension url="http://hl7.org/fhir/tools/StructureDefinition/ig-parameter"><extension url="code"><valueString value="apply-contact"/></extension><extension url="value"><valueString value="true"/></extension></extension><extension url="http://hl7.org/fhir/tools/StructureDefinition/ig-parameter"><extension url="code"><valueString value="apply-context"/></extension><extension url="value"><valueString value="true"/></extension></extension><extension url="http://hl7.org/fhir/tools/StructureDefinition/ig-parameter"><extension url="code"><valueString value="apply-copyright"/></extension><extension url="value"><valueString value="true"/></extension></extension><extension url="http://hl7.org/fhir/tools/StructureDefinition/ig-parameter"><extension url="code"><valueString value="apply-jurisdiction"/></extension><extension url="value"><valueString value="true"/></extension></extension><extension url="http://hl7.org/fhir/tools/StructureDefinition/ig-parameter"><extension url="code"><valueString value="apply-license"/></extension><extension url="value"><valueString value="true"/></extension></extension><extension url="http://hl7.org/fhir/tools/StructureDefinition/ig-parameter"><extension url="code"><valueString value="apply-publisher"/></extension><extension url="value"><valueString value="true"/></extension></extension><extension url="http://hl7.org/fhir/tools/StructureDefinition/ig-parameter"><extension url="code"><valueString value="apply-version"/></extension><extension url="value"><valueString value="true"/></extension></extension><extension url="http://hl7.org/fhir/tools/StructureDefinition/ig-parameter"><extension url="code"><valueString value="active-tables"/></extension><extension url="value"><valueString value="true"/></extension></extension><extension url="http://hl7.org/fhir/tools/StructureDefinition/ig-parameter"><extension url="code"><valueString value="fmm-definition"/></extension><extension url="value"><valueString value="http://hl7.org/fhir/versions.html#maturity"/></extension></extension><extension url="http://hl7.org/fhir/tools/StructureDefinition/ig-parameter"><extension url="code"><valueString value="propagate-status"/></extension><extension url="value"><valueString value="true"/></extension></extension><extension url="http://hl7.org/fhir/tools/StructureDefinition/ig-parameter"><extension url="code"><valueString value="excludelogbinaryformat"/></extension><extension url="value"><valueString value="true"/></extension></extension><grouping id="-str-questionnaire"><name value="Structures: Questionnaires"/><description value="These define forms used by systems conforming to this implementation guide to capture or expose data to end users"/></grouping><grouping id="-str-profile"><name value="Structures: Resource Profiles"/><description value="These define constraints on FHIR resources for systems conforming to this implementation guide"/></grouping><grouping id="-str-extension"><name value="Structures: Extension Definitions"/><description value="These define constraints on FHIR data types for systems conforming to this implementation guide"/></grouping><grouping id="-term-valueset"><name value="Terminology: Value Sets"/><description value="These define sets of codes used by systems conforming to this implementation guide"/></grouping><grouping id="-term-codesystem"><name value="Terminology: Code Systems"/><description value="These define new code systems used by systems conforming to this implementation guide"/></grouping><resource><extension url="http://hl7.org/fhir/StructureDefinition/implementationguide-page"><valueUri value="Questionnaire-QuestionnaireS37-Unknown-Status-Example.html"/></extension><reference><reference value="Questionnaire/QuestionnaireS37-Unknown-Status-Example"/></reference><name value="Example : QuestionnaireS37 Unknown Status"/><description value="Science 37 Unknown Status Example"/><groupingId value="-str-questionnaire"/></resource><resource><extension url="http://hl7.org/fhir/StructureDefinition/implementationguide-page"><valueUri value="StructureDefinition-unknown-status.html"/></extension><reference><reference value="StructureDefinition/unknown-status"/></reference><name value="Extension : Questionnaire UnknownStatus"/><groupingId value="-str-extension"/></resource><resource><extension url="http://hl7.org/fhir/StructureDefinition/implementationguide-page"><valueUri value="StructureDefinition-s37-settings.html"/></extension><reference><reference value="StructureDefinition/s37-settings"/></reference><name value="Extension : Questionnaire.item "/><groupingId value="-str-extension"/></resource><resource><extension url="http://hl7.org/fhir/StructureDefinition/implementationguide-page"><valueUri value="CodeSystem-questionnaire-status-codesystem.html"/></extension><reference><reference value="CodeSystem/questionnaire-status-codesystem"/></reference><name value="CodeSystem : Questionnaire Status (unknown)"/><description value="CodeSystem : Questionnaire Status (unknown)"/><groupingId value="-term-codesystem"/></resource><resource><extension url="http://hl7.org/fhir/StructureDefinition/implementationguide-page"><valueUri value="ValueSet-questionnaire-unknown-status-vs.html"/></extension><reference><reference value="ValueSet/questionnaire-unknown-status-vs"/></reference><name value="ValueSet : Questionnaire Unknown Status"/><description value="ValueSet : Questionnaire Unknown Status ValueSet"/><groupingId value="-term-valueset"/></resource><resource><extension url="http://hl7.org/fhir/StructureDefinition/implementationguide-page"><valueUri value="StructureDefinition-questionnaire-s37.html"/></extension><reference><reference value="StructureDefinition/questionnaire-s37"/></reference><name value="Profile : QuestionnaireS37"/><description value="S37 Specific Questionnaire Profile"/><groupingId value="-str-profile"/></resource><resource><extension url="http://hl7.org/fhir/StructureDefinition/implementationguide-page"><valueUri value="Questionnaire-Questionnaire-Item-Extension-Example.html"/></extension><reference><reference value="Questionnaire/Questionnaire-Item-Extension-Example"/></reference><name value="Example : Questionnaire.Item Extension"/><groupingId value="-str-questionnaire"/></resource><page><nameUrl value="toc.html"/><title value="Table of Contents"/><generation value="html"/><page><nameUrl value="index.html"/><title value="MyIG Home Page"/><generation value="html"/></page><page><nameUrl value="changes.html"/><title value="IG Change History"/><generation value="html"/></page><page><nameUrl value="artifacts.html"/><title value="Artifacts Summary"/><generation value="html"/><page><nameUrl value="Questionnaire-QuestionnaireS37-Unknown-Status-Example.html"/><title value="Example : QuestionnaireS37 Unknown Status"/><generation value="generated"/></page><page><nameUrl value="Questionnaire-Questionnaire-Item-Extension-Example.html"/><title value="Example : Questionnaire.Item Extension"/><generation value="generated"/></page><page><nameUrl value="StructureDefinition-questionnaire-s37.html"/><title value="Profile : QuestionnaireS37"/><generation value="generated"/></page><page><nameUrl value="StructureDefinition-unknown-status.html"/><title value="Extension : Questionnaire UnknownStatus"/><generation value="generated"/></page><page><nameUrl value="StructureDefinition-s37-settings.html"/><title value="Extension : Questionnaire.item "/><generation value="generated"/></page><page><nameUrl value="ValueSet-questionnaire-unknown-status-vs.html"/><title value="ValueSet : Questionnaire Unknown Status"/><generation value="generated"/></page><page><nameUrl value="CodeSystem-questionnaire-status-codesystem.html"/><title value="CodeSystem : Questionnaire Status (unknown)"/><generation value="generated"/></page></page></page><parameter><code value="path-resource"/><value value="input\history"/></parameter><parameter><code value="path-resource"/><value value="input\scenarios"/></parameter><parameter><code value="path-resource"/><value value="input/capabilities"/></parameter><parameter><code value="path-resource"/><value value="input/examples"/></parameter><parameter><code value="path-resource"/><value value="input/extensions"/></parameter><parameter><code value="path-resource"/><value value="input/models"/></parameter><parameter><code value="path-resource"/><value value="input/operations"/></parameter><parameter><code value="path-resource"/><value value="input/profiles"/></parameter><parameter><code value="path-resource"/><value value="input/resources"/></parameter><parameter><code value="path-resource"/><value value="input/vocabulary"/></parameter><parameter><code value="path-resource"/><value value="input/testing"/></parameter><parameter><code value="path-resource"/><value value="input/history"/></parameter><parameter><code value="path-resource"/><value value="fsh-generated/resources"/></parameter><parameter><code value="path-pages"/><value value="template/config"/></parameter><parameter><code value="path-pages"/><value value="input/images"/></parameter><parameter><code value="path-tx-cache"/><value value="input-cache/txcache"/></parameter></definition></ImplementationGuide>