{"resourceType":"Questionnaire","id":"Questionnaire-Item-Extension-Example","meta":{"profile":["http://science37.com/fhir/StructureDefinition/questionnaire-s371"]},"text":{"status":"generated","div":"<div xmlns=\"http://www.w3.org/1999/xhtml\"><b>Structure</b><table border=\"1\" cellpadding=\"0\" cellspacing=\"0\" style=\"border: 1px #F0F0F0 solid; font-size: 11px; font-family: verdana; vertical-align: top;\"><tr style=\"border: 2px #F0F0F0 solid; font-size: 11px; font-family: verdana; vertical-align: top\"><th style=\"vertical-align: top; text-align : left; background-color: white; border: 1px #F0F0F0 solid; padding:0px 4px 0px 4px\" class=\"hierarchy\"><a href=\"http://hl7.org/fhir/R4/formats.html#table\" title=\"The linkId for the item\">LinkId</a></th><th style=\"vertical-align: top; text-align : left; background-color: white; border: 1px #F0F0F0 solid; padding:0px 4px 0px 4px\" class=\"hierarchy\"><a href=\"http://hl7.org/fhir/R4/formats.html#table\" title=\"Text for the item\">Text</a></th><th style=\"vertical-align: top; text-align : left; background-color: white; border: 1px #F0F0F0 solid; padding:0px 4px 0px 4px\" class=\"hierarchy\"><a href=\"http://hl7.org/fhir/R4/formats.html#table\" title=\"Minimum and Maximum # of times the the itemcan appear in the instance\">Cardinality</a></th><th style=\"vertical-align: top; text-align : left; background-color: white; border: 1px #F0F0F0 solid; padding:0px 4px 0px 4px\" class=\"hierarchy\"><a href=\"http://hl7.org/fhir/R4/formats.html#table\" title=\"The type of the item\">Type</a></th><th style=\"vertical-align: top; text-align : left; background-color: white; border: 1px #F0F0F0 solid; padding:0px 4px 0px 4px\" class=\"hierarchy\"><a href=\"http://hl7.org/fhir/R4/formats.html#table\" title=\"Additional information about the item\">Description &amp; Constraints</a><span style=\"float: right\"><a href=\"http://hl7.org/fhir/R4/formats.html#table\" title=\"Legend for this format\"><img src=\"http://hl7.org/fhir/R4/help16.png\" alt=\"doco\" style=\"background-color: inherit\"/></a></span></th></tr><tr style=\"border: 1px #F0F0F0 solid; padding:0px; vertical-align: top; background-color: white\"><td style=\"vertical-align: top; text-align : left; background-color: white; border: 1px #F0F0F0 solid; padding:0px 4px 0px 4px; white-space: nowrap; background-image: url(tbl_bck1.png)\" class=\"hierarchy\"><img src=\"tbl_spacer.png\" alt=\".\" style=\"background-color: inherit\" class=\"hierarchy\"/><img src=\"icon_q_root.gif\" alt=\".\" style=\"background-color: white; background-color: inherit\" title=\"QuestionnaireRoot\" class=\"hierarchy\"/> Example : Questionnaire.Item Extension</td><td style=\"vertical-align: top; text-align : left; background-color: white; border: 1px #F0F0F0 solid; padding:0px 4px 0px 4px\" class=\"hierarchy\"/><td style=\"vertical-align: top; text-align : left; background-color: white; border: 1px #F0F0F0 solid; padding:0px 4px 0px 4px\" class=\"hierarchy\"></td><td style=\"vertical-align: top; text-align : left; background-color: white; border: 1px #F0F0F0 solid; padding:0px 4px 0px 4px\" class=\"hierarchy\">Questionnaire</td><td style=\"vertical-align: top; text-align : left; background-color: white; border: 1px #F0F0F0 solid; padding:0px 4px 0px 4px\" class=\"hierarchy\">http://xxsomewhere.org/fhir/myig/Questionnaire/Questionnaire-Item-Extension-Example#0.1.0-test</td></tr>\r\n<tr style=\"border: 1px #F0F0F0 solid; padding:0px; vertical-align: top; background-color: #F7F7F7\"><td style=\"vertical-align: top; text-align : left; background-color: #F7F7F7; border: 1px #F0F0F0 solid; padding:0px 4px 0px 4px; white-space: nowrap; background-image: url(tbl_bck00.png)\" id=\"item.isdfu9s0df8us8dfy\" class=\"hierarchy\"><img src=\"tbl_spacer.png\" alt=\".\" style=\"background-color: inherit\" class=\"hierarchy\"/><img src=\"tbl_vjoin_end.png\" alt=\".\" style=\"background-color: inherit\" class=\"hierarchy\"/><img src=\"icon-q-text.png\" alt=\".\" style=\"background-color: #F7F7F7; background-color: inherit\" title=\"Text\" class=\"hierarchy\"/> isdfu9s0df8us8dfy</td><td style=\"vertical-align: top; text-align : left; background-color: #F7F7F7; border: 1px #F0F0F0 solid; padding:0px 4px 0px 4px\" class=\"hierarchy\">FOID-090s88s. Describe your current mood.</td><td style=\"vertical-align: top; text-align : left; background-color: #F7F7F7; border: 1px #F0F0F0 solid; padding:0px 4px 0px 4px\" class=\"hierarchy\">1..1</td><td style=\"vertical-align: top; text-align : left; background-color: #F7F7F7; border: 1px #F0F0F0 solid; padding:0px 4px 0px 4px\" class=\"hierarchy\"><a href=\"http://hl7.org/fhir/R4/codesystem-item-type.html#item-type-text\">text</a></td><td style=\"vertical-align: top; text-align : left; background-color: #F7F7F7; border: 1px #F0F0F0 solid; padding:0px 4px 0px 4px\" class=\"hierarchy\">Definition: https://science37.com/NG/widget/id/choice2212/version/2.3<br/>Options: <a href=\"#opt-item.isdfu9s0df8us8dfy\">3 options</a><br/>Initial Value: string = Answer Option 1</td></tr>\r\n<tr><td colspan=\"5\" class=\"hierarchy\"><br/><a href=\"http://hl7.org/fhir/R4/formats.html#table\" title=\"Legend for this format\"><img src=\"http://hl7.org/fhir/R4/help16.png\" alt=\"doco\" style=\"background-color: inherit\"/> Documentation for this format</a></td></tr></table><hr/><p><b>Option Sets</b></p><a name=\"opt-item.isdfu9s0df8us8dfy\"> </a><p><b>Answer options for isdfu9s0df8us8dfy</b></p><ul><li style=\"font-size: 11px\">Answer Option 0</li><li style=\"font-size: 11px\">Answer Option 1</li><li style=\"font-size: 11px\">Answer Option 2</li></ul></div>"},"url":"http://xxsomewhere.org/fhir/myig/Questionnaire/Questionnaire-Item-Extension-Example","version":"0.1.0-test","name":"Example : Questionnaire.Item Extension","title":"Example : Questionnaire.Item Extension","status":"draft","subjectType":["Patient"],"date":"2022-04-12T16:41:17+00:00","publisher":"xxxYour Work Group","contact":[{"telecom":[{"system":"url","value":"http://xxhl7.org/Special/committees/[something]"}]}],"jurisdiction":[{"coding":[{"system":"http://unstats.un.org/unsd/methods/m49/m49.htm","code":"001"}]}],"item":[{"extension":[{"extension":[{"url":"title","valueString":"The Title"},{"url":"lable","valueString":"The lable"},{"url":"variableName","valueString":"The variableName"},{"url":"standardVariable","valueString":"The standardVariable"},{"url":"fieldCode","valueString":"The fieldCode"},{"url":"description","valueString":"The description"},{"url":"foid","valueString":"FOID field Object ID"},{"url":"dateTimeOptions","valueString":"Date Time Options"},{"url":"captureTimeonSubmit","valueBoolean":true},{"url":"completionPeriodOfTime","valueBoolean":true},{"url":"completionNoOfHours","valueInteger":2},{"url":"completionNoOfMonths","valueInteger":1},{"url":"completionShouldOccur","valueBoolean":false},{"url":"fromText","valueString":"From Text"},{"url":"toText","valueString":"To Text"},{"url":"naOption","valueBoolean":true},{"url":"naLabel","valueString":"To Text"},{"url":"displayValueIndicator","valueBoolean":true},{"url":"valueIndicatorLabel","valueString":"Value Indicator Label"},{"url":"minValueLabel","valueString":"minValue Label"},{"url":"medValueLabel","valueString":"medValue Label"},{"url":"maxValueLabel","valueString":"maxValue Label"},{"url":"scale","valueInteger":1},{"url":"formula","valueString":"formula"},{"url":"http://hl7.org/fhir/StructureDefinition/maxValue","valueInteger":200},{"url":"http://hl7.org/fhir/StructureDefinition/minValue","valueInteger":2},{"url":"http://hl7.org/fhir/StructureDefinition/minLength","valueInteger":1},{"url":"maxLength","valueInteger":22},{"url":"doNotShowNumValue","valueBoolean":true},{"url":"showIncrements","valueBoolean":true},{"url":"majorIncrements","valueInteger":5},{"url":"minorIncrements","valueInteger":1},{"url":"interactionType","valueString":"Iinteraction Type"},{"url":"scaleSize","valueInteger":3},{"url":"optionalPresets","valueBoolean":false}],"url":"http://science37.com/fhir/StructureDefinition/settings"}],"linkId":"isdfu9s0df8us8dfy","definition":"https://science37.com/NG/widget/id/choice2212/version/2.3","prefix":"FOID-090s88s","text":"Describe your current mood.","type":"text","required":true,"answerOption":[{"valueString":"Answer Option 0"},{"valueString":"Answer Option 1"},{"valueString":"Answer Option 2"}],"initial":[{"valueString":"Answer Option 1"}]}]}