[
  {
    "id": "questionnaire-status-codesystem",
    "type": "CodeSystem",
    "url": "http://science37.com/fhir/CodeSystem/questionnaire-status-codesystem",
    "version": "0.1.0-test",
    "name": "S37QuestionnaireStatusCodeSystem"
  },
  {
    "id": "questionnaire-s371",
    "type": "StructureDefinition",
    "url": "http://science37.com/fhir/StructureDefinition/questionnaire-s371",
    "version": "0.1.0-test",
    "name": "QuestionnaireS37_1"
  },
  {
    "id": "questionnaire-s372",
    "type": "StructureDefinition",
    "url": "http://science37.com/fhir/StructureDefinition/questionnaire-s372",
    "version": "0.1.0-test",
    "name": "QuestionnaireS37_2"
  },
  {
    "id": "questionnaire-s373",
    "type": "StructureDefinition",
    "url": "http://science37.com/fhir/StructureDefinition/questionnaire-s373",
    "version": "0.1.0-test",
    "name": "QuestionnaireS37_3"
  },
  {
    "id": "s37-settings",
    "type": "StructureDefinition",
    "url": "http://science37.com/fhir/StructureDefinition/s37-settings",
    "version": "0.1.0-test",
    "name": "S37Settings"
  },
  {
    "id": "unknown-status-string",
    "type": "StructureDefinition",
    "url": "http://science37.com/fhir/StructureDefinition/unknown-status-string",
    "version": "0.1.0-test",
    "name": "UnknownStatusString"
  },
  {
    "id": "unknown-status-valueset",
    "type": "StructureDefinition",
    "url": "http://science37.com/fhir/StructureDefinition/unknown-status-valueset",
    "version": "0.1.0-test",
    "name": "UnknownStatusValueSet"
  },
  {
    "id": "questionnaire-unknown-status-vs",
    "type": "ValueSet",
    "url": "http://science37.com/fhir/ValueSet/questionnaire-unknown-status-vs",
    "version": "0.1.0-test",
    "name": "QuestionnaireUnknownStatusVS"
  },
  {
    "id": "xxexample.fhir.uv.myig",
    "type": "ImplementationGuide",
    "url": "http://xxsomewhere.org/fhir/myig/ImplementationGuide/xxexample.fhir.uv.myig",
    "version": "0.1.0-test",
    "name": "Science37 FHIR IG"
  },
  {
    "id": "Questionnaire-Item-Extension-Example",
    "type": "Questionnaire",
    "url": "http://xxsomewhere.org/fhir/myig/Questionnaire/Questionnaire-Item-Extension-Example",
    "version": "0.1.0-test",
    "name": "Example : Questionnaire.Item Extension"
  },
  {
    "id": "QuestionnaireS37-Unknown-Status-String-Example",
    "type": "Questionnaire",
    "url": "http://xxsomewhere.org/fhir/myig/Questionnaire/QuestionnaireS37-Unknown-Status-String-Example",
    "version": "0.1.0-test",
    "name": "Example : QuestionnaireS37 Unknown Status Value Set"
  },
  {
    "id": "QuestionnaireS37-Unknown-Status-ValueSet-Example",
    "type": "Questionnaire",
    "url": "http://xxsomewhere.org/fhir/myig/Questionnaire/QuestionnaireS37-Unknown-Status-ValueSet-Example",
    "version": "0.1.0-test",
    "name": "Example : QuestionnaireS37 Unknown Status Value Set"
  }
]